{
  "name" : "DSS_SFDCA_R33-1571508299616",
  "sourceOrgId" : "8xAHezzBT1wlRqvfFaotaQ",
  "sourceOrgName" : "KRB",
  "exportedObjects" : [ {
    "objectGuid" : "4ScuywNWgR8dIDmzgZucWj",
    "objectName" : "inkrh65qa73.informatica.com",
    "objectType" : "AgentGroup",
    "path" : "/SYS",
    "metadata" : {
      "modelVersion" : {
        "major" : 0,
        "minor" : 0
      },
      "repoInfo" : {
        "repoHandle" : "01004325000000000002"
      },
      "objectRefs" : [ ],
      "contextAttributes" : [ {
        "name" : "id",
        "value" : "@1"
      } ],
      "additionalInfo" : {
        "description" : null,
        "contentType" : "JSON",
        "documentState" : "VALID"
      }
    }
  }, {
    "objectGuid" : "0JsB6XhVFvlenab8y5Jqs4",
    "objectName" : "SFDCA_LINUX",
    "objectType" : "Connection",
    "path" : "/SYS",
    "metadata" : {
      "modelVersion" : {
        "major" : 0,
        "minor" : 0
      },
      "repoInfo" : {
        "repoHandle" : "0100430B00000000000D"
      },
      "objectRefs" : [ "4ScuywNWgR8dIDmzgZucWj" ],
      "contextAttributes" : [ {
        "name" : "id",
        "value" : "@1"
      } ],
      "additionalInfo" : {
        "description" : null,
        "contentType" : "JSON",
        "documentState" : "COMPLETE"
      }
    }
  }, {
    "objectGuid" : "84mUabBffWZez5skOmuKMd",
    "objectName" : "DSS_SFDCA_R33",
    "objectType" : "DSS",
    "path" : "/Explore/Bug_Verification",
    "metadata" : {
      "modelVersion" : {
        "major" : 0,
        "minor" : 0
      },
      "repoInfo" : {
        "repoHandle" : "0100430I000000000034"
      },
      "objectRefs" : [ "0JsB6XhVFvlenab8y5Jqs4", "i2Mh9xoCcSdkbq2161aKi1" ],
      "contextAttributes" : [ {
        "name" : "id",
        "value" : "@1"
      } ],
      "additionalInfo" : {
        "description" : "",
        "contentType" : "JSON",
        "documentState" : "VALID"
      }
    }
  }, {
    "objectGuid" : "i2Mh9xoCcSdkbq2161aKi1",
    "objectName" : "SFDC_v31_Lin",
    "objectType" : "Connection",
    "path" : "/SYS",
    "metadata" : {
      "modelVersion" : {
        "major" : 0,
        "minor" : 0
      },
      "repoInfo" : {
        "repoHandle" : "0100430B00000000000S"
      },
      "objectRefs" : [ "4ScuywNWgR8dIDmzgZucWj" ],
      "contextAttributes" : [ {
        "name" : "id",
        "value" : "@1"
      } ],
      "additionalInfo" : {
        "description" : null,
        "contentType" : "JSON",
        "documentState" : "COMPLETE"
      }
    }
  }, {
    "objectGuid" : "6mDVWdQ1JCbfg3pHR1yb8r",
    "objectName" : "Bug_Verification",
    "objectType" : "Project",
    "path" : "/Explore",
    "metadata" : {
      "modelVersion" : {
        "major" : 0,
        "minor" : 0
      },
      "repoInfo" : null,
      "objectRefs" : [ ],
      "contextAttributes" : [ ],
      "additionalInfo" : {
        "description" : "",
        "contentType" : "Binary",
        "documentState" : "COMPLETE"
      }
    }
  } ]
}