[{"@type":"customSource","id":"@1","name":"SQ_Order","type":"Salesforce","query":"select id, description, (select id from OrderItems) from Order  Where id = '80236000000BO2gAAG'","fields":[{"@type":"field","id":106802653,"name":"Id","type":"id","uniqueName":"Id","label":"Order Product ID","parentObject":"OrderItem.","pcType":"STRING","precision":18,"scale":0,"columnIndex":0,"isKey":true,"isExternalId":false,"isSfIdLookup":true,"isNullable":false,"isUnique":false,"isCreateable":false,"isUpdateable":false,"isFilterable":true,"isCalculated":false,"showLabel":true,"naturalOrder":0,"linkedFields":[],"relatedInfos":[],"references":[]},{"@type":"field","id":106802655,"name":"Id","type":"id","uniqueName":"Id2","label":"Order ID","parentObject":"Order.","pcType":"STRING","precision":18,"scale":0,"columnIndex":1,"isKey":true,"isExternalId":false,"isSfIdLookup":true,"isNullable":false,"isUnique":false,"isCreateable":false,"isUpdateable":false,"isFilterable":true,"isCalculated":false,"showLabel":true,"naturalOrder":0,"linkedFields":[],"relatedInfos":[],"references":[]},{"@type":"field","id":106802657,"name":"Description","type":"textarea","uniqueName":"Description","label":"Description","parentObject":"Order.","pcType":"STRING","precision":32000,"scale":0,"columnIndex":2,"isKey":false,"isExternalId":false,"isSfIdLookup":false,"isNullable":true,"isUnique":false,"isCreateable":true,"isUpdateable":true,"isFilterable":true,"isCalculated":false,"showLabel":true,"naturalOrder":0,"linkedFields":[],"relatedInfos":[],"references":[]}]}]