[{"@type":"mappingTemplate","id":"@1","name":"Mapping1","description":"","bundleVersion":"0","templateId":"@3","deployTime":1575470009000,"hasParameters":false,"valid":true,"fixedConnection":true,"hasParametersDeployed":false,"fixedConnectionDeployed":true,"tasks":0,"mappingPreviewFileRecordId":"@2","documentType":"","references":[{"@type":"reference","refObjectId":"@45FijM2QtVGdXzOyVWIlQT","refType":"connection"},{"@type":"reference","refObjectId":"@aC2pnxLSDuVjAEAKlpMRGd","refType":"connection"}]}]